{
  "mean": [
    3.861467123031616,
    28.598655700683594,
    5.4201531410217285,
    1.0956906080245972,
    1423.8104248046875,
    3.0641109943389893,
    35.6230583190918,
    -119.56437683105469
  ],
  "std": [
    1.88740873336792,
    12.591697692871094,
    2.566448211669922,
    0.4974774420261383,
    1120.5775146484375,
    10.902270317077637,
    2.1342103481292725,
    2.0014989376068115
  ],
  "feature_names": [
    "MedInc",
    "HouseAge",
    "AveRooms",
    "AveBedrms",
    "Population",
    "AveOccup",
    "Latitude",
    "Longitude"
  ]
}